WKT,Edge ID,From Node,To Node ID,Two Way,Speed (m/s),Vertex Cou
"LINESTRING (1534446.378026439808309 330422.365724511211738,1534494.241580214584246 330574.840771912015043,1534578.820410083746538 330828.195016979239881,1534713.599186403444037 331222.223069750412833,1534862.414247118169442 331678.542837304761633,1535004.737507703015581 332058.684861295856535,1535168.275577270193025 332525.409549495670944,1535283.203364115674049 332916.015827897062991,1535704.662395169958472 334102.588324980577454,1535743.53222435247153 334211.246063314494677)",883991900000,883991900000,883991900001,1,22.222222219999999,10
"LINESTRING (1539546.478082006098703 325820.600773878686596,1539233.693545962916687 326276.48112341738306,1538742.652851783903316 327088.077439718937967,1538541.217335405992344 327384.656168689019978)",883991900001,883991900002,883991900003,1,11.111111110000000,4
